Title,Link,Date
Wen highlights top six problems in Hong Kong for Leung Chun-ying,https://www.scmp.com/news/hong-kong/article/1110229/wen-highlights-top-six-problems-hong-kong-leung-chun-ying,2012-12-22 00:39:00+00:00
Kennedy Town residents want the government to make temporary garden permanent,https://www.scmp.com/news/hong-kong/education-community/article/1940567/kennedy-town-residents-want-government-make,2016-05-03 03:20:00+00:00
China's military sets up first national security think tank,https://www.scmp.com/news/china/diplomacy-defence/article/1835507/chinas-military-sets-first-national-security-think-tank,2015-07-10 12:38:00+00:00
HKU students involved in indecent viral video suspended from halls of residence,https://www.scmp.com/news/hong-kong/education-community/article/2085501/hku-students-involved-indecent-viral-video,2017-04-06 17:49:00+00:00
"I’ll walk out of ‘insincere’ Carrie Lam’s dinner in protest, says pro-democracy lawmaker",https://www.scmp.com/news/hong-kong/article/1398923/ill-walk-out-insincere-carrie-lams-dinner-protest-says-pro-democracy,2014-01-06 08:39:00+00:00
Chinese woman road sweeper wins over US$1 million on lottery with help of sceptical son,https://www.scmp.com/news/china/society/article/2072281/chinese-woman-road-sweeper-wins-over-us1-million-lottery-help,2017-02-20 04:08:00+00:00
Farming for fun could revive Hong Kong's country park enclaves,https://www.scmp.com/news/hong-kong/article/1683737/farming-fun-could-revive-hong-kongs-country-park-enclaves,2015-01-20 16:50:00+00:00
Hong Kong public hospitals struggle to find enough beds to cope with demand,https://www.scmp.com/news/hong-kong/health-environment/article/2075172/hong-kong-public-hospitals-struggle-find-enough,2017-03-01 14:53:00+00:00
Green light for plan allowing more Hongkongers to ‘age in place’,https://www.scmp.com/news/hong-kong/education-community/article/2100584/green-light-plan-allowing-more-hongkongers-age,2017-06-29 14:25:00+00:00
Chinese Communist Party wraps up top policy meeting by outlining plans for nation to become greater power,https://www.scmp.com/news/china/politics/article/3107660/chinese-communist-party-wraps-top-policy-meeting-outlining,2020-10-30 03:36:00+00:00
Ultraman's greatest challenge: rampant copyright pirates across China  ,https://www.scmp.com/news/china/society/article/1879074/ultramans-greatest-challenge-rampant-copyright-pirates-across,2015-11-16 04:14:00+00:00
"Hong Kong burns in night of violent protest with live rounds shot, multiple fires lit on streets, and MTR paralysed",https://www.scmp.com/news/hong-kong/politics/article/3025238/hong-kong-burns-during-another-weekend-violence-live-shots,2019-09-01 06:54:00+00:00
Short film casts light on bipolar disorder,https://www.scmp.com/news/hong-kong/article/1560647/short-film-casts-light-bipolar-disorder,2014-07-28 00:26:00+00:00
Missing nightclub hostess left love note for Hong Kong director boyfriend,https://www.scmp.com/news/hong-kong/hong-kong-law-and-crime/article/1849009/missing-nightclub-hostess-left-love-note-hong,2018-06-21 07:30:00+00:00
Japan's top court rules that 2012 district polls were unconstitutional,https://www.scmp.com/news/asia/article/1361352/japans-top-court-rules-2012-district-polls-were-unconstitutional,2013-11-26 08:55:00+00:00
Trial run of five Hong Kong electric buses delayed indefinitely due to bus stop bell problems,https://www.scmp.com/news/hong-kong/education-community/article/2018569/trial-run-five-hong-kong-electric-buses-delayed,2016-09-12 14:28:00+00:00
Unemployed Hong Kong man admits involvement in rubbish bin blast outside Legco complex,https://www.scmp.com/news/hong-kong/law-crime/article/2059638/unemployed-hong-kong-man-admits-involvement-rubbish-bin,2017-01-05 14:04:00+00:00
Buddha statues get bigger on mainland China in bid to lure tourists,https://www.scmp.com/news/china/article/1420697/bigger-better-say-chinese-officials-they-call-more-giant-buddhas-attract,2014-02-04 21:45:00+00:00
Coronavirus: China CDC chief becomes vaccine ‘mouse’ in shot in arm to research,https://www.scmp.com/news/china/science/article/3095559/coronavirus-china-cdc-chief-becomes-vaccine-mouse-shot-arm,2020-07-31 14:32:00+00:00
China and Japan find common ground on the environment,https://www.scmp.com/news/china/article/1670350/china-and-japan-find-common-ground-environment,2017-02-23 08:55:00+00:00
"Trade war with the United States takes air out of Chinese art market bubble in the short term, say artists",https://www.scmp.com/news/china/politics/article/3001581/trade-war-united-states-takes-air-out-chinese-art-market-bubble,2019-03-13 18:25:00+00:00
Security high near China defence ministry after subway stations shut,https://www.scmp.com/news/china/policies-politics/article/2093902/beijing-subway-stations-abruptly-closed-ahead-belt-and,2017-05-11 15:08:00+00:00
Energy company hopes knowledge is less power,https://www.scmp.com/news/hong-kong/article/1562947/energy-company-hopes-knowledge-less-power,2014-07-30 20:41:00+00:00
Xi calls for more bilateral cooperation as he hosts Vietnamese president,https://www.scmp.com/news/china/diplomacy-defence/article/2094012/xi-calls-more-bilateral-cooperation-he-hosts-vietnamese,2017-05-11 15:46:00+00:00
Chinese cab driver put in detention for molesting woman passenger,https://www.scmp.com/news/china/society/article/2146578/chinese-cab-driver-put-detention-molesting-woman-passenger,2018-05-17 11:25:00+00:00
Hong Kong orchestra marks 40 years of hitting the high notes for so many,https://www.scmp.com/news/hong-kong/education-community/article/2007496/hong-kong-orchestra-marks-40-years-hitting-high,2016-08-23 01:35:00+00:00
"Unregistered voters, Wi-fi woes led to long wait for Indonesian workers at polling stations in Hong Kong: election official",https://www.scmp.com/news/asia/southeast-asia/article/3006622/unregistered-voters-wi-fi-woes-led-long-wait-indonesian,2019-04-17 13:54:00+00:00
Japan begins tests for driverless robot taxis that could ferry spectators around for the 2020 Olympics,https://www.scmp.com/news/asia/east-asia/article/1864460/japan-starts-tests-driverless-robot-taxis-could-ferry-spectators,2015-10-06 00:43:00+00:00
"US Fed comments causing anxiety, says finance deputy Zhu Guangyao",https://www.scmp.com/news/china/article/1455029/us-fed-comments-causing-anxiety-says-finance-deputy-zhu-guangyao,2016-05-30 06:05:00+00:00
Cathay Pacific offers older pilots early retirement as part of coronavirus pandemic restructuring,https://www.scmp.com/news/hong-kong/article/3095612/cathay-pacific-offers-older-pilots-early-retirement-part-covid-19,2020-08-03 11:13:00+00:00
"After Occupy, more Hongkongers back government’s reform package, study finds",https://www.scmp.com/news/hong-kong/article/66478/after-occupy-more-hongkongers-back-governments-reform-package-study,2014-12-19 03:26:00+00:00
China’s traditional White Rabbit sweets star in Los Angeles ice cream,https://www.scmp.com/news/china/society/article/2188594/chinas-traditional-white-rabbit-sweets-star-los-angeles-ice-cream,2019-03-04 14:19:00+00:00
"Coronavirus: Hong Kong residents unhappy with Covid-19 response – and surgical masks one big reason why, Post survey shows",https://www.scmp.com/news/hong-kong/politics/article/3077761/coronavirus-post-poll-shows-hong-kong-residents-unhappy,2020-04-01 01:13:00+00:00
Japanese researchers hope to be the first to turn wood into booze,https://www.scmp.com/news/asia/east-asia/article/2152148/japanese-researchers-hope-be-first-turn-wood-booze,2018-06-23 13:47:00+00:00
Business has a role to play in our future,https://www.scmp.com/news/hong-kong/article/1277487/business-has-role-play-our-future,2013-07-07 20:42:00+00:00
Hong Kong Executive Council’s move to table national anthem bill stirs controversy,https://www.scmp.com/news/hong-kong/politics/article/2181262/hong-kong-executive-councils-move-table-national-anthem-bill,2019-01-10 06:41:00+00:00
"From killer to calligrapher, a Hong Kong artist’s dark journey",https://www.scmp.com/news/hong-kong/education-community/article/2095847/killer-calligrapher-hong-kong-artists-dark,2017-05-27 03:10:00+00:00
Xi Jinping’s state visit to Japan postponed as coronavirus casts shadow over China’s agenda,https://www.scmp.com/news/china/diplomacy/article/3065260/xi-jinpings-state-visit-japan-postponed-coronavirus-casts,2020-03-05 12:11:00+00:00
"Carrie Lam’s clumsy parenting analogy was designed to take sting out of extradition bill protests, but only burns relations with Hong Kong mothers",https://www.scmp.com/news/hong-kong/society/article/3014863/carrie-lams-clumsy-parenting-analogy-was-designed-take-sting,2019-06-18 03:16:00+00:00
Over 400 Chinese pupils forced to take exams outdoors after school shut due to heavy smog,https://www.scmp.com/news/china/society/article/2056305/over-400-chinese-pupils-forced-take-exams-outdoors-after-school,2016-12-21 06:26:00+00:00
Coronavirus: Hong Kong airport to close concourse as number of passenger flights plummets by two-thirds,https://www.scmp.com/news/hong-kong/transport/article/3051605/coronavirus-hong-kong-airport-close-concourse-number,2020-02-20 22:39:00+00:00
"Coronavirus contagious even in incubation stage, China’s health authority says",https://www.scmp.com/news/china/society/article/3047701/coronavirus-contagious-even-incubation-stage-chinas-health,2020-01-27 00:35:00+00:00
Handsome policeman who was hero in rescue becomes Chinese heartthrob,https://www.scmp.com/news/china/society/article/2129446/handsome-policeman-who-was-hero-rescue-becomes-chinese-heartthrob,2018-01-18 08:50:00+00:00
Hong Kong scientists to launch alternative air quality health index,https://www.scmp.com/news/hong-kong/article/1024785/hong-kong-scientists-launch-alternative-air-quality-health-index,2012-08-29 07:39:00+00:00
Hong Kong Legco president moves to wrest control of gridlocked House Committee from opposition stalling chair election,https://www.scmp.com/news/hong-kong/politics/article/3081313/hong-kong-legco-president-makes-move-wrest-control,2020-04-23 23:12:00+00:00
Mexico derails Chinese bullet train deal days after contract agreed,https://www.scmp.com/news/world/article/1634225/fast-train-nowhere-mexico-derails-chinese-bullet-train-deal,2014-11-08 00:07:00+00:00
Cadre from Xi Jinping’s graft squad joins Beijing’s Hong Kong office,https://www.scmp.com/news/hong-kong/politics/article/2097536/cadre-xi-jinpings-graft-squad-joins-beijings-hong-kong,2017-06-08 17:02:00+00:00
Superstitious Chinese investors jittery as black swan sculpture appears in Beijing financial district,https://www.scmp.com/news/china/society/article/2049786/superstitious-chinese-investors-jittery-black-swan-sculpture,2016-11-28 09:09:00+00:00
"With the money floodgates closed, China’s forex reserves tipped to hit six-month high",https://www.scmp.com/news/china/economy/article/2097168/money-floodgates-closed-chinas-forex-reserves-tipped-hit-six,2017-06-06 14:04:00+00:00
China’s corrupt ‘tigers’ tipped to be a rarer sight but plenty of ‘flies’ left to swat,https://www.scmp.com/news/china/policies-politics/article/2114437/chinas-corrupt-tigers-tipped-be-rarer-sight-plenty,2017-10-09 04:19:00+00:00
